date,day_of_week,hour,zone,orders,gross_rm,petrol_rm,net_rm,km,rain_flag
2026-01-25,6,11,KL Sentral,2,10.98,0.45,10.53,8.39,False
2026-01-25,6,12,Damansara,2,11.07,0.53,10.54,9.81,False
2026-01-25,6,13,Damansara,2,11.41,0.45,10.96,8.31,False
2026-01-25,6,14,KL Sentral,2,10.8,0.46,10.34,8.51,False
2026-01-25,6,18,Subang,2,10.53,0.47,10.06,8.75,False
2026-01-25,6,19,Damansara,3,17.18,0.75,16.43,13.97,False
2026-01-25,6,20,Bangsar,3,15.65,0.68,14.97,12.62,False
2026-01-25,6,21,Damansara,2,10.87,0.45,10.42,8.4,False
2026-01-25,6,22,PJ,2,11.82,0.51,11.31,9.39,False
2026-01-26,0,10,PJ,1,5.66,0.26,5.4,4.73,False
2026-01-26,0,11,Bangsar,2,10.48,0.46,10.02,8.54,False
2026-01-26,0,12,PJ,3,15.07,0.78,14.29,14.55,False
2026-01-26,0,13,Bangsar,3,16.77,0.76,16.01,14.13,False
2026-01-26,0,14,Bangsar,2,10.62,0.47,10.15,8.67,False
2026-01-26,0,18,PJ,3,14.4,0.66,13.73,12.28,True
2026-01-26,0,19,PJ,4,22.31,1.02,21.29,18.99,True
2026-01-26,0,20,Bangsar,4,23.38,0.95,22.43,17.55,True
2026-01-26,0,21,KL Sentral,2,10.6,0.47,10.13,8.73,False
2026-01-26,0,22,Bangsar,2,10.48,0.49,10.0,9.01,False
2026-01-27,1,11,Bangsar,1,4.7,0.22,4.49,4.02,False
2026-01-27,1,12,Subang,2,10.0,0.47,9.53,8.73,False
2026-01-27,1,13,Subang,2,11.81,0.45,11.36,8.33,False
2026-01-27,1,14,PJ,1,5.31,0.26,5.05,4.8,False
2026-01-27,1,18,PJ,3,16.89,0.69,16.2,12.86,False
2026-01-27,1,19,KL Sentral,3,15.63,0.74,14.88,13.75,False
2026-01-27,1,20,Bangsar,3,16.11,0.67,15.44,12.39,False
2026-01-27,1,21,Damansara,2,12.5,0.52,11.98,9.6,False
2026-01-27,1,22,PJ,2,9.69,0.46,9.23,8.54,False
2026-01-28,2,10,Subang,1,5.67,0.26,5.41,4.8,False
2026-01-28,2,11,Damansara,2,11.46,0.45,11.01,8.29,False
2026-01-28,2,12,Damansara,2,10.11,0.47,9.64,8.7,False
2026-01-28,2,13,Damansara,2,12.17,0.49,11.68,9.11,False
2026-01-28,2,14,PJ,2,9.16,0.47,8.69,8.65,False
2026-01-28,2,18,PJ,3,19.42,0.74,18.68,13.64,False
2026-01-28,2,19,PJ,3,14.54,0.67,13.87,12.46,False
2026-01-28,2,20,Bangsar,4,20.19,1.04,19.16,19.21,False
2026-01-28,2,21,Damansara,2,11.42,0.48,10.94,8.89,False
2026-01-28,2,22,PJ,1,5.75,0.23,5.51,4.34,False
2026-01-29,3,18,Subang,2,12.44,0.49,11.94,9.16,False
2026-01-29,3,19,Bangsar,4,22.94,1.09,21.85,20.21,False
2026-01-29,3,20,PJ,2,9.5,0.55,8.95,10.19,False
2026-01-29,3,21,KL Sentral,2,10.58,0.54,10.04,10.05,False
2026-01-29,3,22,KL Sentral,1,5.01,0.26,4.75,4.73,False
2026-01-30,4,11,PJ,2,8.74,0.48,8.26,8.96,False
2026-01-30,4,12,Bangsar,3,15.05,0.71,14.34,13.14,False
2026-01-30,4,13,Bangsar,3,16.55,0.7,15.85,12.98,False
2026-01-30,4,14,Damansara,2,11.59,0.54,11.05,9.96,False
2026-01-30,4,18,PJ,3,16.13,0.74,15.39,13.76,False
2026-01-30,4,19,Bangsar,3,16.65,0.74,15.91,13.75,False
2026-01-30,4,20,Subang,3,15.09,0.71,14.38,13.19,False
2026-01-30,4,21,Damansara,2,11.35,0.53,10.81,9.87,False
2026-01-30,4,22,KL Sentral,1,4.32,0.24,4.08,4.44,False
2026-01-31,5,9,Damansara,1,4.53,0.21,4.32,3.97,False
2026-01-31,5,10,PJ,1,4.9,0.28,4.62,5.16,False
2026-01-31,5,11,PJ,2,10.59,0.5,10.1,9.25,False
2026-01-31,5,12,KL Sentral,2,10.73,0.52,10.21,9.56,False
2026-01-31,5,13,PJ,3,16.28,0.65,15.63,12.02,False
2026-01-31,5,14,PJ,2,11.26,0.46,10.79,8.6,False
2026-01-31,5,18,Bangsar,4,22.34,1.0,21.34,18.51,False
2026-01-31,5,19,Bangsar,4,20.41,1.0,19.42,18.46,False
2026-01-31,5,20,PJ,4,26.6,1.09,25.51,20.27,False
2026-01-31,5,21,Damansara,2,9.78,0.53,9.24,9.86,False
2026-01-31,5,22,PJ,2,9.08,0.52,8.56,9.67,False
2026-02-01,6,11,KL Sentral,2,10.72,0.49,10.23,9.11,False
2026-02-01,6,12,KL Sentral,2,10.74,0.49,10.25,9.13,False
2026-02-01,6,13,PJ,3,13.6,0.75,12.85,13.85,False
2026-02-01,6,14,PJ,2,11.95,0.47,11.48,8.76,False
2026-02-01,6,18,Damansara,2,10.63,0.54,10.1,9.94,False
2026-02-01,6,19,Subang,3,18.44,0.75,17.69,13.97,False
2026-02-01,6,20,KL Sentral,3,17.87,0.71,17.16,13.18,False
2026-02-01,6,21,Bangsar,2,12.09,0.44,11.65,8.15,False
2026-02-01,6,22,Bangsar,2,12.29,0.51,11.77,9.54,False
2026-02-02,0,11,Bangsar,2,10.23,0.45,9.79,8.27,False
2026-02-02,0,12,PJ,2,10.26,0.5,9.76,9.22,False
2026-02-02,0,13,Bangsar,3,12.72,0.75,11.97,13.83,False
2026-02-02,0,14,KL Sentral,2,12.78,0.41,12.37,7.51,False
2026-02-03,1,11,KL Sentral,2,12.18,0.49,11.68,9.17,False
2026-02-03,1,12,KL Sentral,2,10.05,0.48,9.57,8.89,False
2026-02-03,1,13,PJ,2,12.1,0.44,11.66,8.24,False
2026-02-03,1,14,Damansara,2,10.18,0.45,9.73,8.41,False
2026-02-03,1,18,KL Sentral,3,16.52,0.81,15.71,14.94,True
2026-02-03,1,19,Bangsar,5,29.02,1.44,27.58,26.69,True
2026-02-03,1,20,Bangsar,2,12.76,0.47,12.3,8.67,False
2026-02-03,1,21,PJ,2,9.24,0.44,8.8,8.1,False
2026-02-03,1,22,Damansara,1,5.74,0.25,5.49,4.69,False
2026-02-04,2,18,KL Sentral,3,16.73,0.77,15.96,14.32,False
2026-02-04,2,19,Subang,2,10.22,0.48,9.75,8.87,False
2026-02-04,2,20,KL Sentral,3,15.85,0.76,15.09,14.06,False
2026-02-04,2,21,PJ,2,11.91,0.41,11.5,7.56,False
2026-02-04,2,22,KL Sentral,1,4.22,0.23,3.99,4.26,False
2026-02-05,3,11,PJ,2,12.49,0.49,12.0,9.07,False
2026-02-05,3,12,KL Sentral,2,9.37,0.45,8.92,8.36,False
2026-02-05,3,13,PJ,3,19.34,0.65,18.69,12.01,False
2026-02-05,3,14,PJ,2,11.52,0.48,11.04,8.91,False
2026-02-05,3,18,Bangsar,4,20.67,0.93,19.74,17.23,False
2026-02-05,3,19,Subang,2,11.47,0.48,10.99,8.86,False
2026-02-05,3,20,Bangsar,3,18.68,0.71,17.97,13.13,False
2026-02-05,3,21,Bangsar,3,15.95,0.79,15.16,14.7,False
2026-02-05,3,22,PJ,1,5.69,0.28,5.41,5.2,False
2026-02-06,4,11,Bangsar,2,10.08,0.42,9.66,7.86,False
2026-02-06,4,12,Bangsar,3,15.74,0.71,15.03,13.18,False
2026-02-06,4,13,Damansara,3,14.91,0.75,14.16,13.88,False
2026-02-06,4,14,Bangsar,2,11.2,0.51,10.69,9.45,False
2026-02-06,4,18,KL Sentral,4,19.49,0.97,18.52,18.01,True
2026-02-06,4,19,Damansara,4,25.15,0.98,24.17,18.13,True
2026-02-06,4,20,Subang,3,16.22,0.68,15.54,12.66,True
2026-02-06,4,21,Damansara,2,11.73,0.53,11.2,9.78,False
2026-02-06,4,22,PJ,2,11.5,0.47,11.03,8.78,False
2026-02-07,5,11,Damansara,2,10.21,0.43,9.78,7.92,False
2026-02-07,5,12,Damansara,2,13.66,0.5,13.16,9.31,False
2026-02-07,5,13,Damansara,3,13.92,0.71,13.21,13.18,False
2026-02-07,5,14,Bangsar,2,11.87,0.5,11.37,9.25,False
2026-02-07,5,18,PJ,3,17.98,0.82,17.16,15.26,False
2026-02-07,5,19,Bangsar,4,24.94,0.96,23.98,17.72,False
2026-02-07,5,20,Damansara,3,18.9,0.74,18.16,13.64,False
2026-02-07,5,21,Damansara,3,15.9,0.67,15.23,12.48,False
2026-02-07,5,22,Subang,1,4.64,0.26,4.38,4.73,False
2026-02-08,6,9,KL Sentral,1,5.4,0.24,5.16,4.41,False
2026-02-08,6,10,KL Sentral,1,4.95,0.26,4.69,4.75,False
2026-02-08,6,11,Damansara,2,11.61,0.5,11.12,9.21,False
2026-02-08,6,12,KL Sentral,2,10.66,0.46,10.21,8.46,False
2026-02-08,6,13,KL Sentral,2,10.02,0.48,9.54,8.95,False
2026-02-08,6,14,Subang,2,10.16,0.52,9.64,9.65,False
2026-02-08,6,18,PJ,3,15.42,0.76,14.66,14.09,False
2026-02-08,6,19,Damansara,2,10.93,0.5,10.43,9.19,False
2026-02-08,6,20,Bangsar,3,14.1,0.81,13.29,14.94,False
2026-02-08,6,21,Damansara,2,11.4,0.39,11.01,7.26,False
2026-02-08,6,22,Subang,1,4.91,0.26,4.65,4.76,False
2026-02-09,0,11,PJ,2,9.18,0.44,8.75,8.08,False
2026-02-09,0,12,KL Sentral,2,11.89,0.49,11.4,9.17,False
2026-02-09,0,13,Subang,2,10.36,0.54,9.83,9.92,False
2026-02-09,0,14,Bangsar,2,11.6,0.52,11.08,9.55,False
2026-02-11,2,11,KL Sentral,1,4.79,0.26,4.54,4.76,False
2026-02-11,2,12,PJ,2,12.6,0.47,12.13,8.68,False
2026-02-11,2,13,PJ,3,15.48,0.76,14.72,14.01,False
2026-02-11,2,14,Damansara,2,12.5,0.45,12.05,8.25,True
2026-02-11,2,18,KL Sentral,3,20.71,0.7,20.0,13.06,False
2026-02-11,2,19,Bangsar,3,16.03,0.72,15.31,13.29,False
2026-02-11,2,20,PJ,3,17.37,0.64,16.72,11.89,False
2026-02-11,2,21,KL Sentral,2,11.19,0.47,10.72,8.76,False
2026-02-11,2,22,PJ,1,4.55,0.25,4.3,4.56,False
2026-02-12,3,11,PJ,2,11.2,0.53,10.66,9.87,False
2026-02-12,3,12,Damansara,2,10.98,0.45,10.53,8.35,False
2026-02-12,3,13,PJ,2,9.12,0.42,8.7,7.84,False
2026-02-12,3,14,Subang,1,4.09,0.26,3.83,4.78,False
2026-02-12,3,18,Bangsar,3,14.33,0.78,13.55,14.4,False
2026-02-12,3,19,PJ,4,22.92,1.0,21.92,18.56,False
2026-02-12,3,20,KL Sentral,3,17.53,0.8,16.73,14.85,False
2026-02-12,3,21,Bangsar,2,10.47,0.52,9.96,9.57,False
2026-02-12,3,22,PJ,1,5.27,0.25,5.02,4.61,False
2026-02-13,4,10,PJ,1,5.0,0.24,4.76,4.43,False
2026-02-13,4,18,Damansara,3,14.8,0.72,14.07,13.44,False
2026-02-13,4,19,PJ,3,15.0,0.76,14.24,14.1,False
2026-02-13,4,20,Damansara,3,16.48,0.77,15.71,14.26,False
2026-02-13,4,21,KL Sentral,2,10.77,0.44,10.33,8.12,False
2026-02-13,4,22,Damansara,1,5.31,0.22,5.08,4.13,False
2026-02-14,5,9,Damansara,1,4.87,0.22,4.65,4.1,False
2026-02-14,5,10,Bangsar,1,5.8,0.24,5.56,4.43,False
2026-02-14,5,11,Subang,2,11.86,0.52,11.34,9.58,False
2026-02-14,5,12,PJ,2,12.1,0.53,11.57,9.86,False
2026-02-14,5,13,Bangsar,3,16.66,0.78,15.88,14.51,False
2026-02-14,5,14,Bangsar,3,15.89,0.68,15.21,12.54,False
2026-02-14,5,18,PJ,4,19.77,1.13,18.64,20.95,True
2026-02-14,5,19,Subang,3,14.98,0.78,14.2,14.42,False
2026-02-14,5,20,KL Sentral,3,18.56,0.77,17.8,14.19,False
2026-02-14,5,21,Damansara,2,11.37,0.42,10.96,7.72,False
2026-02-14,5,22,PJ,2,9.59,0.55,9.04,10.21,False
2026-02-15,6,9,PJ,1,5.72,0.24,5.47,4.52,False
2026-02-15,6,10,Subang,1,5.46,0.28,5.18,5.15,False
2026-02-15,6,18,Bangsar,3,16.91,0.73,16.18,13.55,False
2026-02-15,6,19,Bangsar,3,16.25,0.68,15.57,12.69,False
2026-02-15,6,20,Bangsar,4,22.86,0.83,22.03,15.43,False
2026-02-15,6,21,PJ,3,18.25,0.79,17.46,14.61,False
2026-02-15,6,22,PJ,1,4.9,0.25,4.65,4.62,False
2026-02-16,0,11,Bangsar,2,10.36,0.5,9.87,9.18,False
2026-02-16,0,12,Damansara,2,11.34,0.47,10.87,8.71,False
2026-02-16,0,13,Bangsar,3,14.62,0.7,13.92,12.98,False
2026-02-16,0,14,PJ,1,4.34,0.21,4.13,3.83,False
2026-02-17,1,11,Bangsar,2,10.58,0.46,10.13,8.46,False
2026-02-17,1,12,KL Sentral,2,12.57,0.56,12.01,10.32,False
2026-02-17,1,13,PJ,3,16.56,0.83,15.73,15.39,False
2026-02-17,1,14,KL Sentral,2,11.4,0.61,10.79,11.29,False
2026-02-17,1,18,Bangsar,3,18.1,0.71,17.39,13.11,False
2026-02-17,1,19,Damansara,3,16.55,0.74,15.81,13.8,False
2026-02-17,1,20,PJ,3,17.2,0.62,16.59,11.41,False
2026-02-17,1,21,Subang,1,4.71,0.24,4.47,4.48,False
2026-02-17,1,22,KL Sentral,1,5.96,0.22,5.74,4.02,False
2026-02-18,2,11,Subang,1,4.46,0.2,4.25,3.79,False
2026-02-18,2,12,PJ,2,10.89,0.48,10.4,8.98,False
2026-02-18,2,13,Subang,2,9.78,0.44,9.34,8.16,False
2026-02-18,2,14,PJ,2,12.37,0.47,11.9,8.69,False
2026-02-18,2,18,PJ,2,10.08,0.46,9.62,8.6,True
2026-02-18,2,19,PJ,3,15.99,0.79,15.2,14.63,False
2026-02-18,2,20,Bangsar,3,17.29,0.64,16.65,11.84,False
2026-02-18,2,21,Damansara,2,10.84,0.55,10.29,10.14,False
2026-02-18,2,22,Subang,1,5.38,0.22,5.16,4.04,False
2026-02-19,3,11,PJ,2,12.27,0.54,11.73,10.03,False
2026-02-19,3,12,Bangsar,3,13.4,0.71,12.69,13.16,False
2026-02-19,3,13,Subang,2,10.37,0.48,9.89,8.88,False
2026-02-19,3,14,Damansara,2,11.46,0.48,10.98,8.83,False
2026-02-19,3,18,PJ,3,17.24,0.8,16.44,14.76,False
2026-02-19,3,19,Subang,2,11.65,0.44,11.21,8.17,False
2026-02-19,3,20,PJ,3,17.93,0.74,17.19,13.73,False
2026-02-19,3,21,Damansara,2,12.32,0.5,11.82,9.21,False
2026-02-19,3,22,Bangsar,2,7.78,0.5,7.28,9.28,False
2026-02-20,4,10,Damansara,1,6.73,0.24,6.49,4.5,False
2026-02-20,4,18,KL Sentral,5,27.86,1.12,26.74,20.7,True
2026-02-20,4,19,Bangsar,5,23.75,1.19,22.56,22.04,True
2026-02-20,4,20,PJ,5,27.6,1.19,26.41,21.99,True
2026-02-20,4,21,Bangsar,3,17.52,0.67,16.85,12.42,False
2026-02-20,4,22,Bangsar,2,10.55,0.43,10.12,7.98,False
2026-02-21,5,11,KL Sentral,2,9.46,0.5,8.96,9.24,False
2026-02-21,5,12,KL Sentral,3,16.0,0.7,15.3,12.98,False
2026-02-21,5,13,Damansara,3,19.46,0.8,18.66,14.92,False
2026-02-21,5,14,Damansara,2,11.84,0.49,11.35,9.09,False
2026-02-21,5,18,Subang,3,16.4,0.69,15.72,12.71,False
2026-02-21,5,19,Damansara,3,16.5,0.75,15.76,13.87,False
2026-02-21,5,20,Bangsar,3,17.75,0.75,17.0,13.91,False
2026-02-21,5,21,Damansara,3,15.67,0.63,15.04,11.71,False
2026-02-21,5,22,PJ,1,5.53,0.24,5.29,4.4,False
2026-02-22,6,9,Bangsar,1,5.3,0.2,5.1,3.72,False
2026-02-22,6,10,PJ,1,6.08,0.27,5.81,4.93,False
2026-02-22,6,11,Damansara,2,11.53,0.47,11.07,8.62,False
2026-02-22,6,12,KL Sentral,3,15.58,0.78,14.8,14.37,False
2026-02-22,6,13,KL Sentral,2,12.07,0.51,11.56,9.5,True
2026-02-22,6,14,Bangsar,2,10.05,0.46,9.59,8.61,True
2026-02-22,6,18,Subang,2,11.48,0.44,11.04,8.11,False
2026-02-22,6,19,KL Sentral,3,20.53,0.65,19.89,12.01,False
2026-02-22,6,20,PJ,3,17.18,0.74,16.44,13.63,False
2026-02-22,6,21,Bangsar,3,18.9,0.7,18.2,13.01,False
2026-02-22,6,22,KL Sentral,1,5.47,0.22,5.24,4.11,False
2026-02-23,0,11,PJ,2,12.45,0.59,11.86,11.02,False
2026-02-23,0,12,Subang,2,11.27,0.48,10.79,8.89,False
2026-02-23,0,13,KL Sentral,2,11.12,0.47,10.65,8.71,False
2026-02-23,0,14,PJ,1,5.86,0.24,5.62,4.4,False
2026-02-23,0,18,Bangsar,4,23.75,0.99,22.76,18.26,True
2026-02-23,0,19,Subang,3,19.11,0.76,18.35,14.03,True
2026-02-23,0,20,Subang,2,12.24,0.51,11.73,9.44,False
2026-02-23,0,21,PJ,2,9.79,0.51,9.28,9.5,False
2026-02-23,0,22,KL Sentral,1,6.22,0.26,5.96,4.8,False
2026-02-24,1,10,KL Sentral,1,5.3,0.25,5.05,4.63,False
2026-02-24,1,11,PJ,2,11.0,0.46,10.55,8.46,False
2026-02-24,1,12,KL Sentral,2,10.7,0.55,10.15,10.28,False
2026-02-24,1,13,PJ,2,8.69,0.45,8.24,8.36,False
2026-02-24,1,14,Bangsar,2,12.52,0.48,12.04,8.88,False
2026-02-24,1,18,Bangsar,3,16.56,0.72,15.84,13.4,False
2026-02-24,1,19,KL Sentral,3,12.67,0.61,12.06,11.34,False
2026-02-24,1,20,PJ,3,17.64,0.76,16.88,14.01,False
2026-02-24,1,21,PJ,2,12.13,0.49,11.64,9.13,False
2026-02-24,1,22,Subang,1,5.19,0.26,4.93,4.75,False
2026-02-25,2,10,PJ,1,5.36,0.21,5.15,3.96,False
2026-02-25,2,18,Bangsar,3,20.55,0.83,19.72,15.45,False
2026-02-25,2,19,PJ,3,14.6,0.62,13.99,11.44,False
2026-02-25,2,20,PJ,2,10.91,0.42,10.48,7.85,False
2026-02-25,2,21,Bangsar,2,11.4,0.5,10.9,9.3,False
2026-02-25,2,22,Damansara,1,5.06,0.26,4.8,4.73,False
2026-02-27,4,11,Damansara,2,10.72,0.51,10.2,9.54,False
2026-02-27,4,12,PJ,3,14.47,0.67,13.8,12.5,False
2026-02-27,4,13,PJ,2,9.55,0.47,9.08,8.65,False
2026-02-27,4,14,PJ,2,10.28,0.46,9.83,8.51,False
2026-02-27,4,18,Damansara,2,13.51,0.5,13.01,9.21,False
2026-02-27,4,19,Bangsar,4,21.59,0.92,20.68,16.97,False
2026-02-27,4,20,PJ,3,13.51,0.6,12.92,11.07,False
2026-02-27,4,21,PJ,3,16.43,0.8,15.62,14.89,False
2026-02-27,4,22,Bangsar,2,10.01,0.51,9.5,9.38,False
2026-02-28,5,9,Subang,1,5.55,0.25,5.3,4.62,False
2026-02-28,5,10,Bangsar,1,5.81,0.25,5.56,4.72,False
2026-02-28,5,11,PJ,2,9.9,0.55,9.35,10.21,False
2026-02-28,5,12,Damansara,3,16.61,0.7,15.91,13.05,False
2026-02-28,5,13,Subang,2,9.28,0.52,8.76,9.7,False
2026-02-28,5,14,Bangsar,2,11.33,0.46,10.87,8.48,False
2026-02-28,5,18,Damansara,3,16.44,0.83,15.61,15.38,False
2026-02-28,5,19,PJ,4,22.21,1.03,21.18,19.15,False
2026-02-28,5,20,Bangsar,4,21.75,0.91,20.84,16.8,False
2026-02-28,5,21,Subang,2,11.65,0.55,11.11,10.11,False
2026-02-28,5,22,Subang,1,5.71,0.23,5.47,4.28,False
2026-03-03,1,11,Damansara,2,11.07,0.5,10.57,9.18,False
2026-03-03,1,12,Damansara,2,13.2,0.52,12.69,9.59,False
2026-03-03,1,13,PJ,2,10.57,0.4,10.16,7.47,False
2026-03-03,1,14,Bangsar,2,9.27,0.46,8.81,8.52,False
2026-03-03,1,18,PJ,2,11.06,0.4,10.65,7.5,False
2026-03-03,1,19,KL Sentral,3,16.09,0.58,15.5,10.82,False
2026-03-03,1,20,Bangsar,3,11.92,0.71,11.21,13.12,False
2026-03-03,1,21,PJ,2,10.26,0.5,9.76,9.29,False
2026-03-03,1,22,Damansara,1,5.39,0.25,5.14,4.64,False
2026-03-04,2,11,Bangsar,2,12.06,0.5,11.57,9.21,False
2026-03-04,2,12,PJ,2,11.82,0.41,11.4,7.65,False
2026-03-04,2,13,PJ,3,16.95,0.75,16.19,13.94,False
2026-03-04,2,14,Subang,1,5.86,0.3,5.57,5.48,False
2026-03-04,2,18,Bangsar,3,17.21,0.75,16.45,13.97,False
2026-03-04,2,19,Bangsar,3,20.31,0.75,19.56,13.85,False
2026-03-04,2,20,Bangsar,3,16.32,0.71,15.61,13.23,False
2026-03-04,2,21,Subang,1,5.69,0.28,5.41,5.19,False
2026-03-04,2,22,PJ,1,5.22,0.23,4.99,4.35,False
2026-03-05,3,11,PJ,2,9.76,0.54,9.22,9.96,False
2026-03-05,3,12,KL Sentral,2,9.33,0.52,8.82,9.6,False
2026-03-05,3,13,KL Sentral,2,10.97,0.5,10.47,9.26,False
2026-03-05,3,14,Bangsar,2,11.32,0.54,10.78,10.06,False
2026-03-06,4,11,PJ,2,11.37,0.45,10.92,8.34,False
2026-03-06,4,12,Subang,2,10.4,0.5,9.9,9.33,False
2026-03-06,4,13,PJ,3,17.49,0.72,16.78,13.3,False
2026-03-06,4,14,Subang,1,6.15,0.24,5.91,4.38,False
2026-03-06,4,18,PJ,3,15.54,0.77,14.77,14.25,False
2026-03-06,4,19,Subang,3,16.49,0.76,15.73,14.05,False
2026-03-06,4,20,KL Sentral,4,18.55,1.07,17.48,19.82,False
2026-03-06,4,21,Damansara,2,13.45,0.52,12.93,9.72,False
2026-03-06,4,22,Subang,1,5.38,0.24,5.14,4.42,False
2026-03-07,5,9,PJ,1,5.91,0.24,5.67,4.4,False
2026-03-07,5,10,PJ,1,4.6,0.25,4.35,4.59,False
2026-03-07,5,11,Bangsar,2,7.75,0.44,7.31,8.1,False
2026-03-07,5,12,Damansara,2,11.4,0.43,10.97,8.0,False
2026-03-07,5,13,PJ,3,16.98,0.86,16.11,16.01,False
2026-03-07,5,14,Damansara,2,10.35,0.47,9.87,8.77,False
2026-03-07,5,18,KL Sentral,3,15.85,0.81,15.03,15.08,False
2026-03-07,5,19,Bangsar,5,27.75,1.39,26.36,25.71,False
2026-03-07,5,20,Bangsar,4,20.41,0.9,19.5,16.77,False
2026-03-07,5,21,Damansara,2,11.04,0.44,10.61,8.07,False
2026-03-07,5,22,Damansara,1,4.53,0.24,4.28,4.54,False
2026-03-08,6,9,PJ,1,5.29,0.28,5.01,5.11,False
2026-03-08,6,10,PJ,1,5.56,0.25,5.31,4.62,False
2026-03-08,6,11,Bangsar,2,11.97,0.43,11.53,8.01,False
2026-03-08,6,12,PJ,3,15.48,0.73,14.76,13.48,False
2026-03-08,6,13,Bangsar,3,15.92,0.66,15.25,12.31,False
2026-03-08,6,14,KL Sentral,2,11.78,0.44,11.34,8.15,False
2026-03-08,6,18,KL Sentral,3,18.69,0.75,17.94,13.86,False
2026-03-08,6,19,Damansara,3,13.02,0.73,12.3,13.45,False
2026-03-08,6,20,Damansara,3,16.61,0.76,15.85,14.09,False
2026-03-08,6,21,Damansara,2,9.15,0.49,8.66,9.15,False
2026-03-08,6,22,Subang,1,5.33,0.21,5.12,3.8,False
2026-03-09,0,18,PJ,3,12.98,0.76,12.21,14.17,False
2026-03-09,0,19,Damansara,3,18.12,0.66,17.46,12.24,False
2026-03-09,0,20,PJ,2,11.82,0.42,11.4,7.79,False
2026-03-09,0,21,Subang,2,10.71,0.52,10.19,9.6,False
2026-03-09,0,22,Damansara,1,6.25,0.24,6.01,4.41,False
2026-03-10,1,10,PJ,1,5.3,0.22,5.08,4.0,False
2026-03-10,1,11,Bangsar,2,11.85,0.52,11.33,9.58,False
2026-03-10,1,12,PJ,2,11.15,0.45,10.7,8.41,False
2026-03-10,1,13,KL Sentral,2,10.3,0.44,9.86,8.16,False
2026-03-10,1,14,PJ,2,9.25,0.49,8.77,9.02,False
2026-03-10,1,18,KL Sentral,2,10.99,0.43,10.56,7.95,False
2026-03-10,1,19,PJ,3,18.2,0.6,17.6,11.11,False
2026-03-10,1,20,PJ,3,16.25,0.76,15.49,14.09,False
2026-03-10,1,21,PJ,2,9.22,0.39,8.82,7.31,False
2026-03-10,1,22,PJ,1,5.25,0.22,5.03,4.0,False
2026-03-11,2,11,Damansara,1,6.37,0.22,6.15,4.12,False
2026-03-11,2,12,KL Sentral,2,12.39,0.43,11.96,7.98,False
2026-03-11,2,13,PJ,3,17.34,0.74,16.6,13.71,False
2026-03-11,2,14,Subang,1,5.66,0.24,5.42,4.41,False
2026-03-12,3,11,Damansara,1,5.82,0.24,5.57,4.52,False
2026-03-12,3,12,KL Sentral,2,11.21,0.53,10.68,9.82,False
2026-03-12,3,13,KL Sentral,4,22.83,1.05,21.77,19.55,True
2026-03-12,3,14,Damansara,1,5.58,0.24,5.34,4.49,True
2026-03-12,3,18,KL Sentral,3,13.59,0.79,12.8,14.55,False
2026-03-12,3,19,KL Sentral,3,14.07,0.76,13.32,14.04,False
2026-03-12,3,20,KL Sentral,2,11.71,0.43,11.29,7.93,False
2026-03-12,3,21,Bangsar,2,12.29,0.48,11.81,8.87,False
2026-03-12,3,22,KL Sentral,1,6.2,0.25,5.95,4.69,False
2026-03-13,4,11,Bangsar,2,13.63,0.44,13.18,8.21,False
2026-03-13,4,12,Bangsar,4,24.62,0.92,23.7,17.0,False
2026-03-13,4,13,Damansara,2,11.31,0.46,10.85,8.5,False
2026-03-13,4,14,Damansara,1,5.57,0.25,5.32,4.66,False
2026-03-13,4,18,KL Sentral,2,12.09,0.5,11.59,9.26,False
2026-03-13,4,19,KL Sentral,3,14.02,0.67,13.36,12.39,False
2026-03-13,4,20,Bangsar,4,20.59,1.02,19.57,18.92,False
2026-03-13,4,21,KL Sentral,2,10.84,0.52,10.33,9.63,False
2026-03-13,4,22,PJ,1,4.74,0.23,4.51,4.31,False
2026-03-14,5,9,PJ,1,5.23,0.25,4.98,4.55,False
2026-03-14,5,10,Bangsar,2,13.09,0.47,12.63,8.67,False
2026-03-14,5,11,Bangsar,3,16.23,0.69,15.54,12.87,False
2026-03-14,5,12,Damansara,3,16.31,0.67,15.64,12.41,False
2026-03-14,5,13,Subang,2,10.42,0.51,9.91,9.44,False
2026-03-14,5,14,PJ,2,9.46,0.46,9.0,8.52,False
2026-03-14,5,18,Subang,3,16.66,0.67,15.99,12.48,False
2026-03-14,5,19,Bangsar,4,22.08,0.96,21.12,17.87,False
2026-03-14,5,20,Bangsar,4,18.83,0.93,17.9,17.26,False
2026-03-14,5,21,Damansara,2,10.79,0.45,10.34,8.41,False
2026-03-14,5,22,PJ,2,12.63,0.51,12.12,9.36,False
2026-03-15,6,11,Damansara,2,10.15,0.46,9.69,8.55,False
2026-03-15,6,12,PJ,2,12.21,0.51,11.7,9.45,False
2026-03-15,6,13,Bangsar,4,19.73,0.98,18.76,18.1,False
2026-03-15,6,14,Bangsar,2,10.31,0.44,9.86,8.24,False
2026-03-15,6,18,Damansara,3,14.49,0.78,13.72,14.41,False
2026-03-15,6,19,Damansara,4,21.01,0.98,20.03,18.1,False
2026-03-15,6,20,Damansara,3,18.35,0.75,17.6,13.82,False
2026-03-15,6,21,Damansara,2,9.77,0.54,9.22,10.05,False
2026-03-15,6,22,PJ,2,8.32,0.45,7.87,8.29,False
2026-03-17,1,11,PJ,2,11.3,0.47,10.83,8.78,False
2026-03-17,1,12,Bangsar,2,10.64,0.48,10.16,8.89,False
2026-03-17,1,13,Subang,2,10.96,0.5,10.45,9.32,False
2026-03-17,1,14,Bangsar,2,11.1,0.41,10.69,7.62,False
2026-03-17,1,18,Subang,2,11.04,0.52,10.52,9.69,False
2026-03-17,1,19,Subang,2,11.3,0.49,10.82,8.99,False
2026-03-17,1,20,PJ,2,11.73,0.52,11.21,9.67,False
2026-03-17,1,21,Bangsar,2,8.68,0.52,8.17,9.55,False
2026-03-17,1,22,PJ,1,5.02,0.26,4.76,4.74,False
2026-03-18,2,18,PJ,2,11.46,0.51,10.95,9.42,False
2026-03-18,2,19,Bangsar,3,16.07,0.81,15.26,15.1,False
2026-03-18,2,20,Damansara,2,11.01,0.52,10.49,9.63,False
2026-03-18,2,21,KL Sentral,2,8.76,0.49,8.27,9.02,False
2026-03-18,2,22,Bangsar,2,11.73,0.46,11.27,8.54,False
2026-03-19,3,11,PJ,2,11.43,0.43,11.0,7.99,False
2026-03-19,3,12,Damansara,2,12.55,0.53,12.03,9.74,False
2026-03-19,3,13,Subang,2,10.77,0.51,10.26,9.49,False
2026-03-19,3,14,Bangsar,2,11.96,0.46,11.5,8.6,False
2026-03-19,3,18,Bangsar,3,14.74,0.62,14.12,11.53,True
2026-03-19,3,19,Damansara,4,25.14,0.84,24.29,15.66,True
2026-03-19,3,20,PJ,4,21.0,0.98,20.02,18.15,True
2026-03-19,3,21,Damansara,2,9.83,0.49,9.34,9.14,False
2026-03-19,3,22,KL Sentral,1,6.06,0.23,5.84,4.22,False
2026-03-20,4,11,PJ,2,10.39,0.53,9.86,9.77,False
2026-03-20,4,12,Subang,2,11.68,0.44,11.24,8.16,False
2026-03-20,4,13,PJ,3,15.72,0.75,14.97,13.97,False
2026-03-20,4,14,Subang,2,11.61,0.37,11.23,6.9,True
2026-03-20,4,18,Bangsar,2,10.32,0.53,9.8,9.74,False
2026-03-20,4,19,PJ,3,14.7,0.79,13.91,14.61,False
2026-03-20,4,20,KL Sentral,3,16.41,0.66,15.75,12.21,False
2026-03-20,4,21,Subang,2,11.95,0.51,11.44,9.53,False
2026-03-20,4,22,PJ,2,10.05,0.54,9.51,9.93,False
2026-03-21,5,9,Bangsar,1,5.55,0.22,5.33,4.06,False
2026-03-21,5,10,Subang,1,4.51,0.23,4.28,4.23,False
2026-03-21,5,11,Damansara,2,13.2,0.49,12.71,9.04,False
2026-03-21,5,12,PJ,2,10.28,0.49,9.79,9.16,False
2026-03-21,5,13,KL Sentral,3,14.52,0.71,13.8,13.19,False
2026-03-21,5,14,PJ,2,10.3,0.48,9.82,8.8,False
2026-03-21,5,18,PJ,3,17.3,0.74,16.56,13.76,False
2026-03-21,5,19,PJ,3,17.81,0.71,17.1,13.25,False
2026-03-21,5,20,PJ,3,19.3,0.65,18.65,12.05,False
2026-03-21,5,21,Bangsar,2,11.24,0.55,10.69,10.13,False
2026-03-21,5,22,Damansara,1,5.19,0.24,4.95,4.51,False
2026-03-22,6,9,Damansara,1,5.71,0.25,5.46,4.7,False
2026-03-22,6,10,PJ,1,5.55,0.25,5.3,4.64,False
2026-03-22,6,11,KL Sentral,2,10.42,0.57,9.84,10.59,False
2026-03-22,6,12,PJ,2,11.48,0.5,10.98,9.18,False
2026-03-22,6,13,Damansara,3,16.34,0.66,15.68,12.3,False
2026-03-22,6,14,KL Sentral,2,9.61,0.55,9.05,10.28,False
2026-03-22,6,18,Damansara,3,19.12,0.74,18.39,13.67,False
2026-03-22,6,19,Bangsar,3,17.46,0.76,16.7,14.01,False
2026-03-22,6,20,Bangsar,3,16.71,0.72,15.99,13.42,False
2026-03-22,6,21,KL Sentral,2,11.62,0.38,11.24,7.13,False
2026-03-22,6,22,Damansara,1,6.22,0.23,5.99,4.32,False
2026-03-25,2,11,PJ,2,11.73,0.56,11.17,10.38,False
2026-03-25,2,12,Damansara,2,9.91,0.51,9.4,9.48,False
2026-03-25,2,13,PJ,3,14.65,0.77,13.87,14.33,True
2026-03-25,2,14,Damansara,2,14.14,0.5,13.64,9.26,True
2026-03-25,2,18,KL Sentral,2,9.01,0.46,8.55,8.57,False
2026-03-25,2,19,Bangsar,3,19.34,0.74,18.6,13.79,False
2026-03-25,2,20,Bangsar,3,16.21,0.78,15.43,14.54,False
2026-03-25,2,21,PJ,2,10.78,0.47,10.31,8.75,False
2026-03-25,2,22,PJ,1,5.36,0.24,5.11,4.52,False
2026-03-26,3,10,PJ,1,5.59,0.26,5.32,4.87,False
2026-03-26,3,11,Subang,1,5.24,0.23,5.01,4.27,False
2026-03-26,3,12,KL Sentral,2,11.69,0.49,11.2,9.09,False
2026-03-26,3,13,Damansara,2,11.86,0.52,11.34,9.63,False
2026-03-26,3,14,Subang,1,6.35,0.25,6.1,4.59,False
2026-03-26,3,18,PJ,3,17.77,0.71,17.06,13.2,False
2026-03-26,3,19,KL Sentral,3,14.77,0.68,14.09,12.64,False
2026-03-26,3,20,PJ,3,17.32,0.78,16.54,14.48,False
2026-03-26,3,21,PJ,2,10.71,0.49,10.23,9.05,False
2026-03-26,3,22,PJ,1,5.92,0.25,5.67,4.7,False
2026-03-27,4,10,Damansara,1,5.73,0.26,5.47,4.88,False
2026-03-27,4,11,PJ,2,10.58,0.5,10.09,9.23,False
2026-03-27,4,12,KL Sentral,2,11.27,0.52,10.76,9.61,False
2026-03-27,4,13,KL Sentral,3,16.34,0.71,15.63,13.14,False
2026-03-27,4,14,PJ,2,10.21,0.46,9.75,8.5,False
2026-03-27,4,18,Bangsar,4,21.2,0.98,20.22,18.18,False
2026-03-27,4,19,PJ,4,20.14,0.89,19.25,16.45,False
2026-03-27,4,20,Subang,3,17.05,0.68,16.37,12.63,False
2026-03-27,4,21,Bangsar,2,10.43,0.45,9.98,8.32,False
2026-03-27,4,22,Subang,1,6.22,0.26,5.96,4.73,False
2026-03-28,5,9,Damansara,1,5.34,0.22,5.12,4.06,False
2026-03-28,5,10,Subang,1,5.76,0.25,5.51,4.68,False
2026-03-28,5,18,PJ,4,26.67,0.99,25.68,18.34,True
2026-03-28,5,19,PJ,3,13.63,0.73,12.9,13.52,True
2026-03-28,5,20,PJ,3,19.82,0.76,19.06,14.09,True
2026-03-28,5,21,Damansara,2,9.9,0.49,9.41,9.03,False
2026-03-28,5,22,Damansara,1,5.4,0.24,5.16,4.51,False
2026-03-29,6,9,Bangsar,1,5.34,0.23,5.1,4.34,False
2026-03-29,6,10,KL Sentral,1,5.26,0.26,5.0,4.78,False
2026-03-29,6,11,Subang,2,12.96,0.45,12.5,8.38,False
2026-03-29,6,12,PJ,3,16.34,0.69,15.65,12.8,False
2026-03-29,6,13,KL Sentral,3,15.23,0.73,14.5,13.59,True
2026-03-29,6,14,KL Sentral,2,11.26,0.49,10.77,9.11,True
2026-03-29,6,18,PJ,4,22.61,1.01,21.6,18.7,False
2026-03-29,6,19,PJ,3,19.11,0.67,18.44,12.5,False
2026-03-29,6,20,PJ,3,16.35,0.68,15.68,12.53,False
2026-03-29,6,21,PJ,3,15.17,0.65,14.52,11.99,False
2026-03-29,6,22,Damansara,1,5.16,0.21,4.95,3.93,False
2026-04-01,2,11,Damansara,1,5.68,0.25,5.44,4.59,False
2026-04-01,2,12,Bangsar,3,12.58,0.68,11.89,12.65,False
2026-04-01,2,13,Damansara,2,11.53,0.52,11.01,9.57,False
2026-04-01,2,14,PJ,2,8.97,0.47,8.5,8.67,False
2026-04-01,2,18,PJ,2,11.69,0.52,11.17,9.65,False
2026-04-01,2,19,PJ,2,9.59,0.56,9.04,10.36,False
2026-04-01,2,20,Bangsar,2,12.36,0.49,11.87,9.01,False
2026-04-01,2,21,KL Sentral,2,11.5,0.5,11.0,9.26,False
2026-04-01,2,22,KL Sentral,2,12.07,0.42,11.64,7.86,False
2026-04-02,3,10,KL Sentral,1,5.22,0.24,4.98,4.39,False
2026-04-02,3,11,PJ,2,7.96,0.47,7.49,8.69,False
2026-04-02,3,12,Damansara,2,13.13,0.49,12.64,9.01,False
2026-04-02,3,13,Subang,2,11.91,0.5,11.41,9.2,False
2026-04-02,3,14,Damansara,2,11.55,0.5,11.05,9.26,False
2026-04-02,3,18,PJ,4,26.92,0.95,25.97,17.61,True
2026-04-02,3,19,Damansara,3,18.38,0.73,17.65,13.51,False
2026-04-02,3,20,Damansara,2,8.56,0.54,8.02,10.06,False
2026-04-02,3,21,PJ,2,10.01,0.43,9.58,7.88,False
2026-04-02,3,22,PJ,1,5.23,0.24,4.99,4.53,False
2026-04-03,4,11,KL Sentral,1,5.4,0.26,5.14,4.79,False
2026-04-03,4,12,Subang,2,10.24,0.54,9.7,10.08,False
2026-04-03,4,13,Bangsar,3,17.53,0.73,16.8,13.46,False
2026-04-03,4,14,KL Sentral,2,8.59,0.49,8.1,9.11,False
2026-04-03,4,18,Damansara,4,25.46,1.09,24.36,20.26,True
2026-04-03,4,19,Subang,3,17.29,0.88,16.42,16.23,True
2026-04-03,4,20,PJ,3,15.86,0.68,15.18,12.55,False
2026-04-03,4,21,Subang,2,10.74,0.48,10.26,8.92,False
2026-04-03,4,22,PJ,2,8.32,0.51,7.81,9.36,False
2026-04-04,5,11,Bangsar,2,11.75,0.46,11.29,8.56,False
2026-04-04,5,12,Bangsar,3,18.35,0.73,17.63,13.45,False
2026-04-04,5,13,Subang,2,9.17,0.5,8.68,9.22,False
2026-04-04,5,14,Damansara,2,10.51,0.48,10.04,8.87,False
2026-04-04,5,18,Bangsar,4,21.02,1.05,19.97,19.41,False
2026-04-04,5,19,Bangsar,4,20.09,0.84,19.25,15.63,False
2026-04-04,5,20,PJ,3,12.59,0.7,11.89,12.92,False
2026-04-04,5,21,PJ,3,13.69,0.64,13.05,11.94,False
2026-04-04,5,22,KL Sentral,2,10.18,0.46,9.72,8.54,False
2026-04-05,6,9,PJ,1,6.12,0.28,5.84,5.26,False
2026-04-05,6,10,Subang,1,6.5,0.21,6.29,3.95,False
2026-04-05,6,11,Damansara,1,5.56,0.24,5.32,4.41,False
2026-04-05,6,12,KL Sentral,2,11.3,0.52,10.78,9.72,False
2026-04-05,6,13,Subang,2,11.63,0.45,11.18,8.3,False
2026-04-05,6,14,PJ,2,13.86,0.47,13.39,8.73,False
2026-04-05,6,18,Bangsar,4,23.8,0.93,22.87,17.23,False
2026-04-05,6,19,PJ,3,15.13,0.7,14.43,13.06,False
2026-04-05,6,20,Bangsar,4,20.67,0.83,19.84,15.35,False
2026-04-05,6,21,PJ,2,9.56,0.48,9.08,8.89,False
2026-04-05,6,22,PJ,1,5.07,0.23,4.84,4.34,False
2026-04-06,0,18,Subang,2,11.04,0.41,10.63,7.54,False
2026-04-06,0,19,Bangsar,3,16.04,0.83,15.2,15.46,False
2026-04-06,0,20,Bangsar,3,16.44,0.72,15.72,13.39,False
2026-04-06,0,21,Bangsar,2,11.93,0.54,11.39,9.99,False
2026-04-06,0,22,PJ,1,5.5,0.26,5.24,4.79,False
2026-04-07,1,11,Subang,1,6.18,0.25,5.92,4.7,False
2026-04-07,1,12,PJ,3,17.3,0.8,16.5,14.82,False
2026-04-07,1,13,Bangsar,3,17.09,0.78,16.31,14.48,False
2026-04-07,1,14,Damansara,1,6.44,0.25,6.19,4.58,False
2026-04-07,1,18,Subang,3,15.53,0.73,14.8,13.51,True
2026-04-07,1,19,KL Sentral,4,18.23,0.95,17.28,17.69,True
2026-04-07,1,20,KL Sentral,3,13.53,0.84,12.69,15.54,True
2026-04-07,1,21,PJ,2,10.59,0.53,10.06,9.78,False
2026-04-07,1,22,PJ,1,5.8,0.25,5.55,4.59,False
2026-04-08,2,11,PJ,2,11.69,0.5,11.19,9.35,False
2026-04-08,2,12,Damansara,2,11.87,0.48,11.38,8.97,False
2026-04-08,2,13,PJ,2,13.22,0.42,12.8,7.75,False
2026-04-08,2,14,Bangsar,2,10.88,0.47,10.41,8.69,False
2026-04-08,2,18,Damansara,3,15.87,0.61,15.27,11.23,False
2026-04-08,2,19,PJ,3,18.96,0.75,18.21,13.89,False
2026-04-08,2,20,KL Sentral,3,19.28,0.79,18.48,14.72,False
2026-04-08,2,21,Bangsar,2,11.48,0.42,11.07,7.7,False
2026-04-08,2,22,PJ,2,11.7,0.54,11.16,10.06,False
2026-04-09,3,11,PJ,2,9.91,0.52,9.39,9.7,False
2026-04-09,3,12,KL Sentral,2,11.51,0.52,10.98,9.72,False
2026-04-09,3,13,KL Sentral,3,17.01,0.76,16.25,14.17,False
2026-04-09,3,14,KL Sentral,2,11.52,0.51,11.0,9.51,False
2026-04-09,3,18,Bangsar,3,18.54,0.75,17.8,13.81,False
2026-04-09,3,19,Bangsar,4,20.8,1.08,19.72,20.03,False
2026-04-09,3,20,Damansara,2,12.3,0.45,11.85,8.35,False
2026-04-09,3,21,KL Sentral,2,11.91,0.43,11.48,8.04,False
2026-04-09,3,22,Damansara,1,5.17,0.24,4.93,4.36,False
2026-04-10,4,11,Bangsar,2,10.25,0.55,9.7,10.11,False
2026-04-10,4,12,PJ,3,16.24,0.81,15.44,14.96,False
2026-04-10,4,13,PJ,3,16.43,0.73,15.7,13.6,False
2026-04-10,4,14,Subang,2,11.01,0.53,10.48,9.82,False
2026-04-10,4,18,KL Sentral,3,18.49,0.71,17.78,13.14,False
2026-04-10,4,19,Damansara,3,15.53,0.76,14.77,14.14,False
2026-04-10,4,20,Damansara,2,9.95,0.54,9.41,10.04,False
2026-04-10,4,21,KL Sentral,3,15.65,0.75,14.91,13.81,False
2026-04-10,4,22,Subang,1,4.46,0.27,4.19,4.96,False
2026-04-11,5,18,Bangsar,4,19.78,0.92,18.87,16.99,False
2026-04-11,5,19,PJ,3,15.8,0.74,15.07,13.63,False
2026-04-11,5,20,Damansara,3,16.47,0.69,15.78,12.79,False
2026-04-11,5,21,Bangsar,3,15.73,0.76,14.98,14.02,False
2026-04-11,5,22,PJ,2,12.72,0.51,12.22,9.37,False
2026-04-12,6,9,KL Sentral,1,5.58,0.21,5.37,3.87,False
2026-04-12,6,10,PJ,1,4.45,0.22,4.23,4.04,False
2026-04-12,6,11,PJ,2,10.6,0.54,10.06,10.01,False
2026-04-12,6,12,Bangsar,3,16.74,0.75,15.99,13.92,False
2026-04-12,6,13,Subang,2,9.78,0.52,9.26,9.6,False
2026-04-12,6,14,Subang,2,10.81,0.5,10.31,9.29,False
2026-04-12,6,18,Subang,2,10.88,0.48,10.39,8.96,False
2026-04-12,6,19,PJ,3,14.62,0.72,13.9,13.35,False
2026-04-12,6,20,Bangsar,3,16.77,0.79,15.98,14.62,False
2026-04-12,6,21,PJ,2,12.42,0.42,12.0,7.75,False
2026-04-12,6,22,Bangsar,2,10.59,0.45,10.14,8.35,False
2026-04-14,1,11,Bangsar,2,10.56,0.45,10.11,8.32,False
2026-04-14,1,12,KL Sentral,3,18.8,0.68,18.12,12.58,False
2026-04-14,1,13,Bangsar,2,9.05,0.53,8.52,9.73,False
2026-04-14,1,14,Bangsar,3,15.72,0.72,15.01,13.32,True
2026-04-15,2,11,PJ,2,9.68,0.51,9.17,9.46,False
2026-04-15,2,12,PJ,3,17.94,0.69,17.25,12.75,False
2026-04-15,2,13,Subang,2,11.98,0.46,11.51,8.61,False
2026-04-15,2,14,KL Sentral,1,6.46,0.26,6.21,4.8,False
2026-04-15,2,18,Damansara,3,17.45,0.71,16.74,13.24,False
2026-04-15,2,19,Bangsar,3,20.85,0.76,20.09,14.1,False
2026-04-15,2,20,KL Sentral,3,14.83,0.82,14.02,15.12,False
2026-04-15,2,21,PJ,2,12.17,0.5,11.67,9.28,False
2026-04-15,2,22,KL Sentral,1,5.47,0.23,5.24,4.29,False
2026-04-16,3,18,Bangsar,3,17.42,0.71,16.71,13.22,True
2026-04-16,3,19,Damansara,2,10.71,0.52,10.19,9.7,False
2026-04-16,3,20,Damansara,2,10.06,0.49,9.57,9.08,False
2026-04-16,3,21,Bangsar,2,11.31,0.43,10.87,8.01,False
2026-04-16,3,22,PJ,1,5.27,0.23,5.04,4.31,False
2026-04-18,5,11,PJ,2,11.74,0.45,11.3,8.26,False
2026-04-18,5,12,PJ,3,19.54,0.84,18.7,15.58,False
2026-04-18,5,13,Bangsar,4,19.99,1.05,18.94,19.41,False
2026-04-18,5,14,PJ,2,11.54,0.48,11.06,8.92,False
2026-04-18,5,18,Subang,3,18.47,0.73,17.74,13.58,True
2026-04-18,5,19,Bangsar,6,34.92,1.54,33.37,28.58,True
2026-04-18,5,20,Bangsar,3,15.56,0.69,14.87,12.83,False
2026-04-18,5,21,Bangsar,3,16.24,0.81,15.43,15.05,False
2026-04-18,5,22,KL Sentral,2,10.1,0.55,9.55,10.13,False
2026-04-21,1,11,Bangsar,2,11.56,0.54,11.02,10.1,False
2026-04-21,1,12,KL Sentral,2,8.97,0.46,8.51,8.51,False
2026-04-21,1,13,PJ,2,11.13,0.4,10.73,7.39,False
2026-04-21,1,14,PJ,2,10.09,0.5,9.58,9.29,True
2026-04-21,1,18,Damansara,3,17.74,0.79,16.95,14.73,False
2026-04-21,1,19,KL Sentral,3,17.34,0.74,16.61,13.65,False
2026-04-21,1,20,Subang,2,10.1,0.5,9.6,9.3,False
2026-04-21,1,21,PJ,2,10.27,0.44,9.83,8.13,False
2026-04-21,1,22,Bangsar,2,10.05,0.52,9.53,9.58,False
2026-04-22,2,11,PJ,2,11.02,0.44,10.58,8.14,False
2026-04-22,2,12,Bangsar,3,19.62,0.73,18.89,13.5,False
2026-04-22,2,13,Bangsar,3,19.71,0.82,18.89,15.2,False
2026-04-22,2,14,PJ,2,12.0,0.46,11.55,8.48,False
2026-04-22,2,18,PJ,2,10.29,0.46,9.83,8.51,False
2026-04-22,2,19,Damansara,3,16.96,0.65,16.31,12.04,False
2026-04-22,2,20,Bangsar,3,17.93,0.8,17.14,14.77,False
2026-04-22,2,21,KL Sentral,2,7.99,0.42,7.57,7.73,False
2026-04-22,2,22,PJ,1,5.09,0.27,4.81,5.09,False
2026-04-23,3,11,Bangsar,2,11.8,0.53,11.27,9.84,False
2026-04-23,3,12,PJ,3,16.01,0.58,15.43,10.78,False
2026-04-23,3,13,Damansara,2,11.58,0.49,11.09,9.08,False
2026-04-23,3,14,PJ,2,9.6,0.48,9.12,8.98,False
2026-04-23,3,18,KL Sentral,2,11.03,0.42,10.61,7.85,False
2026-04-23,3,19,Subang,2,13.23,0.48,12.75,8.98,False
2026-04-23,3,20,PJ,3,16.45,0.69,15.76,12.87,False
2026-04-23,3,21,KL Sentral,2,10.14,0.48,9.66,8.91,False
2026-04-23,3,22,Subang,1,5.45,0.27,5.18,5.06,False
2026-04-24,4,11,PJ,2,11.24,0.54,10.7,10.0,False
2026-04-24,4,12,Damansara,3,16.4,0.87,15.54,16.08,False
2026-04-24,4,13,Damansara,2,9.67,0.58,9.09,10.68,False
2026-04-24,4,14,Damansara,2,12.37,0.51,11.86,9.5,False
2026-04-24,4,18,Bangsar,3,16.06,0.7,15.36,13.0,False
2026-04-24,4,19,Bangsar,4,21.41,1.03,20.38,19.07,False
2026-04-24,4,20,PJ,3,15.81,0.74,15.07,13.63,False
2026-04-24,4,21,Damansara,2,10.31,0.53,9.78,9.76,False
2026-04-24,4,22,Subang,1,4.83,0.27,4.55,5.04,False
